{"cameraMode":{"drawMode":0,"name":"Shaded","section":"Shading Mode"},"sceneLighting":true,"audioPlay":false,"sceneViewState":{"m_AlwaysRefresh":false,"showFog":true,"showSkybox":true,"showFlares":true,"showImageEffects":true,"showParticleSystems":true,"showVisualEffectGraphs":true,"m_FxEnabled":true},"in2DMode":false,"pivot":{"x":0.03182123228907585,"y":0.20088033378124238,"z":-9.979604721069336},"rotation":{"x":-0.18800590932369233,"y":-0.7954054474830627,"z":0.3065069615840912,"w":-0.48789694905281069},"size":8.138336181640625,"orthographic":false}